{
  "0": {
    "precision": 0.9971130357539418,
    "recall": 0.9957862053670437,
    "f1-score": 0.9964491788726143,
    "support": 4509.0
  },
  "1": {
    "precision": 0.9379084967320261,
    "recall": 0.9566666666666667,
    "f1-score": 0.9471947194719472,
    "support": 300.0
  },
  "accuracy": 0.9933458099396965,
  "macro avg": {
    "precision": 0.967510766242984,
    "recall": 0.9762264360168551,
    "f1-score": 0.9718219491722808,
    "support": 4809.0
  },
  "weighted avg": {
    "precision": 0.9934196771125247,
    "recall": 0.9933458099396965,
    "f1-score": 0.9933765363647749,
    "support": 4809.0
  }
}